CREATE TABLE `Categories` (`id` INTEGER PRIMARY KEY AUTOINCREMENT , `name` VARCHAR NOT NULL , `parent` INTEGER , `order` INTEGER NOT NULL ) ;
CREATE TABLE `Positions` (`id` INTEGER PRIMARY KEY AUTOINCREMENT , `name` VARCHAR , `organization` BIGINT ) ;
CREATE TABLE `Category_Position` (`position` BIGINT NOT NULL , `category` INTEGER NOT NULL ) ;
CREATE TABLE `Category_Advertising` (`advertising` BIGINT NOT NULL , `category` INTEGER NOT NULL ) ;
CREATE TABLE `Organizations` (`id` INTEGER PRIMARY KEY AUTOINCREMENT , `logo` BIGINT , `name` VARCHAR NOT NULL , `description` VARCHAR ) ;
CREATE TABLE `Contacts` (`id` INTEGER PRIMARY KEY AUTOINCREMENT , `info` VARCHAR NOT NULL , `type` BIGINT NOT NULL ) ;
CREATE TABLE `Places` (`id` INTEGER PRIMARY KEY AUTOINCREMENT , `lat` DOUBLE PRECISION NOT NULL , `alt` DOUBLE PRECISION NOT NULL , `description` VARCHAR ) ;
CREATE TABLE `Events` (`id` INTEGER PRIMARY KEY AUTOINCREMENT , `text` VARCHAR , `image` BIGINT ) ;
CREATE TABLE `Event_Place` (`event` BIGINT NOT NULL , `place` BIGINT NOT NULL ) ;
CREATE TABLE `Addresses` (`id` INTEGER PRIMARY KEY AUTOINCREMENT , `street` VARCHAR NOT NULL , `house` INTEGER NOT NULL , `letter` VARCHAR , `floor` INTEGER , `office` INTEGER ) ;
CREATE TABLE `Place_Address` (`place` BIGINT NOT NULL , `address` BIGINT NOT NULL ) ;
CREATE TABLE `Organization_Contact` (`organization` BIGINT NOT NULL , `contact` BIGINT NOT NULL ) ;
CREATE TABLE `Organization_Place` (`organization` BIGINT NOT NULL , `place` BIGINT NOT NULL ) ;
CREATE TABLE `Organization_Event` (`organization` BIGINT NOT NULL , `event` BIGINT NOT NULL ) ;
CREATE TABLE `Images` (`id` INTEGER PRIMARY KEY AUTOINCREMENT , `binaryContent` BLOB ) ;
CREATE TABLE `Advertisings` (`id` INTEGER PRIMARY KEY AUTOINCREMENT , `organization` BIGINT , `priority` INTEGER , `text` VARCHAR , `image` BIGINT ) ;


delete from positions;
delete from places;
delete from place_address;
delete from organizations;
delete from organization_place;
delete from organization_contact;
delete from images;
delete from contacts;
delete from category_position;
delete from category_advertising;
delete from categories;
delete from advertisings;
delete from addresses;
delete from events;
delete from event_place;
delete from organization_event;


insert into organizations ("id", "logo", "name", "description") values ('0', null, 'Green Cafe', 'Бизнес-ланч в Green Cafe. Самые приятные минуты рабочего дня - это бизнес-ланч в Green Cafe. Разнообразное и вкусное меню, приятная музыка и оптимальные цены.');
insert into places ("id", "lat", "alt", "description") values ('0', 39.888486, '59.20806', '');
insert into organization_place ("organization", "place") values ('0', '0');
insert into addresses ("id", "street", "house", "letter", "floor", "office") values ('0', 'Зосимовская', '107', ' ', '1', '0');
insert into place_address ("place", "address") values ('0', '0');
insert into contacts ("id", "info", "type") values ('0', '750675', '1');
insert into organization_contact ("organization", "contact") values ('0', '0');
insert into contacts ("id", "info", "type") values ('1', 'Green@wologda.ru', '2');
insert into organization_contact ("organization", "contact") values ('0', '1');

insert into organizations ("id", "logo", "name", "description") values ('1', null, 'Баранка кафе', 'Кафе «Баранка» - отличное место для того, чтобы поделиться с друзьями впечатлениями или узнать последние новости. Беспроводной интернет всегда к вашим услугам.');
insert into places ("id", "lat", "alt", "description") values ('1', 39.895188, '59.249726', '');
insert into organization_place ("organization", "place") values ('1', '1');
insert into addresses ("id", "street", "house", "letter", "floor", "office") values ('1', 'Чернышевского', '149', ' ', '1', '0');
insert into place_address ("place", "address") values ('1', '1');
insert into contacts ("id", "info", "type") values ('2', '+7(8172)', '1');
insert into organization_contact ("organization", "contact") values ('1', '2');

insert into organizations ("id", "logo", "name", "description") values ('2', null, 'Бильярдный клуб и кафе «Гладиатор»', 'Приглашаем по четвергам на программу с 21:00 (запись на участие в конкурсах заранее), живая музыка с 15:00-18:00 со среды по пятницу. Можно попробовать: Пицца “Сырная” Пицца “Острая Американа” Пицца “Чикконе” Пицца “Традиционная” И конечно сыграть в бильярд.');
insert into places ("id", "lat", "alt", "description") values ('2', 39.897272, '59.209769', '');
insert into organization_place ("organization", "place") values ('2', '2');
insert into addresses ("id", "street", "house", "letter", "floor", "office") values ('2', 'Герцена', '56', ' ', '1', '0');
insert into place_address ("place", "address") values ('2', '2');
insert into contacts ("id", "info", "type") values ('3', '562671', '1');
insert into organization_contact ("organization", "contact") values ('2', '3');
insert into contacts ("id", "info", "type") values ('4', '562277', '1');
insert into organization_contact ("organization", "contact") values ('2', '4');

insert into organizations ("id", "logo", "name", "description") values ('3', null, 'Бургер кинг', 'Американская компания, Сеть ресторанов быстрого питания Бургер кинг Вологда. Штаб-квартира — в Майами, штат Флорида.');
insert into places ("id", "lat", "alt", "description") values ('3', 39.883779, '59.2197', '');
insert into organization_place ("organization", "place") values ('3', '3');
insert into addresses ("id", "street", "house", "letter", "floor", "office") values ('3', 'Батюшкова', '11', ' ', '1', '0');
insert into place_address ("place", "address") values ('3', '3');
insert into contacts ("id", "info", "type") values ('5', '210321', '1');
insert into organization_contact ("organization", "contact") values ('3', '5');

insert into organizations ("id", "logo", "name", "description") values ('4', null, 'Городское кафе Авеню', ' Мы работаем круглосуточно. Для Вас русская, европейская, итальянская, японская кухня');
insert into places ("id", "lat", "alt", "description") values ('4', 39.893032, '59.221422', '');
insert into organization_place ("organization", "place") values ('4', '4');
insert into addresses ("id", "street", "house", "letter", "floor", "office") values ('4', 'Лермонтова', '15', ' ', '1', '0');
insert into place_address ("place", "address") values ('4', '4');
insert into contacts ("id", "info", "type") values ('6', 'info@aveny.ru', '2');
insert into organization_contact ("organization", "contact") values ('4', '6');
insert into contacts ("id", "info", "type") values ('7', '503573', '1');
insert into organization_contact ("organization", "contact") values ('4', '7');

insert into organizations ("id", "logo", "name", "description") values ('5', null, 'Кафе "Зачет"', 'Здесь всегда вкусные обеды, горячая выпечка и очень приемлемые цены!');
insert into places ("id", "lat", "alt", "description") values ('5', 39.887247, '59.223945', '');
insert into organization_place ("organization", "place") values ('5', '5');
insert into addresses ("id", "street", "house", "letter", "floor", "office") values ('5', 'Орлова', '6', ' ', '1', '0');
insert into place_address ("place", "address") values ('5', '5');
insert into contacts ("id", "info", "type") values ('8', 'mail@example.com', '2');
insert into organization_contact ("organization", "contact") values ('5', '8');
insert into contacts ("id", "info", "type") values ('9', '212141', '1');
insert into organization_contact ("organization", "contact") values ('5', '9');

insert into organizations ("id", "logo", "name", "description") values ('6', null, 'Кафе "Парижанка"', 'Кафе "Парижанка" - уютное место для самого приятного: побаловать себя разнообразными сладостями, ароматным кофе или просто пообедать в спокойной обстановке. В самом центре Вологды Вы найдете тихий уголок Парижа.');
insert into places ("id", "lat", "alt", "description") values ('6', 39.887947, '59.221781', '');
insert into organization_place ("organization", "place") values ('6', '6');
insert into addresses ("id", "street", "house", "letter", "floor", "office") values ('6', 'Проспект Победы', '8', ' ', '1', '0');
insert into place_address ("place", "address") values ('6', '6');
insert into contacts ("id", "info", "type") values ('10', 'PManager@kluchik-vologda.ru', '2');
insert into organization_contact ("organization", "contact") values ('6', '10');
insert into contacts ("id", "info", "type") values ('11', '720456', '1');
insert into organization_contact ("organization", "contact") values ('6', '11');

insert into organizations ("id", "logo", "name", "description") values ('7', null, 'Кафе Гудок', 'Городское кафе Гудок город Вологда. Кол-во: 60 мест Средний счет без алкагольных напитков: 350р. Бизнес обеды с 12-00 до 14-00');
insert into places ("id", "lat", "alt", "description") values ('7', 39.890508, '59.209', '');
insert into organization_place ("organization", "place") values ('7', '7');
insert into addresses ("id", "street", "house", "letter", "floor", "office") values ('7', 'Чехова', '51', ' ', '1', '0');
insert into place_address ("place", "address") values ('7', '7');
insert into contacts ("id", "info", "type") values ('12', '758956', '1');
insert into organization_contact ("organization", "contact") values ('7', '12');

insert into organizations ("id", "logo", "name", "description") values ('8', null, 'Кафе Каменный мост', 'Ежели вас завлекает неторопливая богемная атмосфера европейской кофейни 30-х, ежели вы мечтаете о временах, когда писатели приходили в кафе испить чашечку кофе и, наслаждаясь его горьковатым запахом, создать новейшую главу собственного романа.');
insert into places ("id", "lat", "alt", "description") values ('8', 39.889852, '59.220879', '');
insert into organization_place ("organization", "place") values ('8', '8');
insert into addresses ("id", "street", "house", "letter", "floor", "office") values ('8', 'Мира', '9', ' ', '1', '0');
insert into place_address ("place", "address") values ('8', '8');
insert into contacts ("id", "info", "type") values ('13', '723542', '1');
insert into organization_contact ("organization", "contact") values ('8', '13');

insert into organizations ("id", "logo", "name", "description") values ('9', null, 'Кафе Красный мост', 'В цокольном этаже галереи находится кафе «Красный Мост». Его главными достоинствами являются: - прекрасный интерьер, сочетающий ретро детали и современный стиль хай-те.');
insert into places ("id", "lat", "alt", "description") values ('9', 39.90144, '59.223683', '');
insert into organization_place ("organization", "place") values ('9', '9');
insert into addresses ("id", "street", "house", "letter", "floor", "office") values ('9', 'Набережная 6 Армии', '143', ' ', '1', '0');
insert into place_address ("place", "address") values ('9', '9');
insert into contacts ("id", "info", "type") values ('14', '547930', '1');
insert into organization_contact ("organization", "contact") values ('9', '14');
insert into contacts ("id", "info", "type") values ('15', 'redbridge@yandex.ru', '2');
insert into organization_contact ("organization", "contact") values ('9', '15');

insert into organizations ("id", "logo", "name", "description") values ('10', null, 'Кафе Лукоморье', '160 посадочных мест, кухня русская, грузинская, украинская');
insert into places ("id", "lat", "alt", "description") values ('10', 39.892223, '59.221528', '');
insert into organization_place ("organization", "place") values ('10', '10');
insert into addresses ("id", "street", "house", "letter", "floor", "office") values ('10', 'Лермонтова', '4', ' ', '1', '0');
insert into place_address ("place", "address") values ('10', '10');
insert into contacts ("id", "info", "type") values ('16', '769655', '1');
insert into organization_contact ("organization", "contact") values ('10', '16');

insert into organizations ("id", "logo", "name", "description") values ('11', null, 'Кафе "Архитектор"', '');
insert into places ("id", "lat", "alt", "description") values ('11', 39.877419, '59.221781', '');
insert into organization_place ("organization", "place") values ('11', '11');
insert into addresses ("id", "street", "house", "letter", "floor", "office") values ('11', 'Благовещенская', '44', ' ', '1', '0');
insert into place_address ("place", "address") values ('11', '11');
insert into contacts ("id", "info", "type") values ('17', '757437', '1');
insert into organization_contact ("organization", "contact") values ('11', '17');

insert into organizations ("id", "logo", "name", "description") values ('12', null, 'Кафе "Ёрш"', 'Приглашаем Вас посетить наше уютное летнее кафе, где все располагает к приятному и непринужденному отдыху! Мы позаботились, чтоб каждый из вас нашел для себя то, что он ищет! Великолепная кухня: японская, итальянская, европейская, восточная.');
insert into places ("id", "lat", "alt", "description") values ('12', 39.886609, '59.219078', '');
insert into organization_place ("organization", "place") values ('12', '12');
insert into addresses ("id", "street", "house", "letter", "floor", "office") values ('12', 'Мира', '17', 'а', '1', '0');
insert into place_address ("place", "address") values ('12', '12');
insert into contacts ("id", "info", "type") values ('18', '563884', '1');
insert into organization_contact ("organization", "contact") values ('12', '18');
insert into contacts ("id", "info", "type") values ('19', '505026', '1');
insert into organization_contact ("organization", "contact") values ('12', '19');

insert into organizations ("id", "logo", "name", "description") values ('13', null, 'Кафе "Мак Дак"', 'Калоритные краски, залитые золотыми солнечными лучами помещения, современная и комфортная обстановка – все это создает запоминающуюся атмосферу праздничка в счастливой сказочной стране.');
insert into places ("id", "lat", "alt", "description") values ('13', 39.889654, '59.221763', '');
insert into organization_place ("organization", "place") values ('13', '13');
insert into addresses ("id", "street", "house", "letter", "floor", "office") values ('13', 'Мира', '8', ' ', '1', '0');
insert into place_address ("place", "address") values ('13', '13');
insert into contacts ("id", "info", "type") values ('20', '787841', '1');
insert into organization_contact ("organization", "contact") values ('13', '20');
insert into contacts ("id", "info", "type") values ('21', '787349', '1');
insert into organization_contact ("organization", "contact") values ('13', '21');
insert into contacts ("id", "info", "type") values ('22', 'hotel@spasskaya.ru', '2');
insert into organization_contact ("organization", "contact") values ('13', '22');

insert into organizations ("id", "logo", "name", "description") values ('14', null, 'Пивной бар Килт', '"Килт" является одним из лучших пивных баров нашего города. Выполненный в стиле средневекового шотландского замка, он переносит нас во времена доблестных и отважных рыцарей, милых дам и красочных мифов. Каждый элемент пивного бара выполнен в ключе тех времен.');
insert into places ("id", "lat", "alt", "description") values ('14', 39.888819, '59.223554', '');
insert into organization_place ("organization", "place") values ('14', '14');
insert into addresses ("id", "street", "house", "letter", "floor", "office") values ('14', 'Орлова', '4', 'а', '1', '0');
insert into place_address ("place", "address") values ('14', '14');
insert into contacts ("id", "info", "type") values ('23', '265590', '1');
insert into organization_contact ("organization", "contact") values ('14', '23');

insert into organizations ("id", "logo", "name", "description") values ('15', null, 'Кофе.com', 'Издревле кофейня была местом, где решались деловые и торговые вопросы. Вот только теперь встречи проходят на бегу, а переговоры ведутся через Интернет.');
insert into places ("id", "lat", "alt", "description") values ('15', 39.859246, '59.197233', '');
insert into organization_place ("organization", "place") values ('15', '15');
insert into addresses ("id", "street", "house", "letter", "floor", "office") values ('15', 'Пошехонское шоссе', '22', ' ', '1', '0');
insert into place_address ("place", "address") values ('15', '15');

insert into organizations ("id", "logo", "name", "description") values ('16', null, 'Кофейня "Золотой ключик"', 'Уютное местечко в каждом "оГороде", где можно попробовать множество вкусных десертов, большое количество сортов кофе, чая, коктейлей и мороженого! В холодный, ветренный вечер Вас согреет Глинтвейн и чашечка горячего шоколада.');
insert into places ("id", "lat", "alt", "description") values ('16', 39.890651, '59.213528', '');
insert into organization_place ("organization", "place") values ('16', '16');
insert into addresses ("id", "street", "house", "letter", "floor", "office") values ('16', 'Герцена', '20', ' ', '1', '0');
insert into place_address ("place", "address") values ('16', '16');
insert into contacts ("id", "info", "type") values ('24', 'mkulkova@kluchik-vologda.ru', '2');
insert into organization_contact ("organization", "contact") values ('16', '24');
insert into contacts ("id", "info", "type") values ('25', '752768', '1');
insert into organization_contact ("organization", "contact") values ('16', '25');

insert into organizations ("id", "logo", "name", "description") values ('17', null, 'Кофейня-булочная Крендель', 'Узнали тайные рецептуры и добавили сыра, сварили полубожественный кофе, походили из угла в угол!');
insert into places ("id", "lat", "alt", "description") values ('17', 39.875811, '59.220662', '');
insert into organization_place ("organization", "place") values ('17', '17');
insert into addresses ("id", "street", "house", "letter", "floor", "office") values ('17', 'Октябрьская', '38', ' ', '1', '0');
insert into place_address ("place", "address") values ('17', '17');
insert into contacts ("id", "info", "type") values ('26', '501361', '1');
insert into organization_contact ("organization", "contact") values ('17', '26');

insert into organizations ("id", "logo", "name", "description") values ('18', null, 'Пиццерия "Жар Пицца"', 'Настоящая Итальянская пицца.');
insert into places ("id", "lat", "alt", "description") values ('18', 39.893715, '59.215499', '');
insert into organization_place ("organization", "place") values ('18', '18');
insert into addresses ("id", "street", "house", "letter", "floor", "office") values ('18', 'Козленская', '33', ' ', '1', '0');
insert into place_address ("place", "address") values ('18', '18');
insert into contacts ("id", "info", "type") values ('27', '721066', '1');
insert into organization_contact ("organization", "contact") values ('18', '27');

insert into organizations ("id", "logo", "name", "description") values ('19', null, 'Спорт кафе "Динамо"', 'Спорт кафе "Динамо". Трансляция спортивных мероприятий.');
insert into places ("id", "lat", "alt", "description") values ('19', 39.885845, '59.215099', '');
insert into organization_place ("organization", "place") values ('19', '19');
insert into addresses ("id", "street", "house", "letter", "floor", "office") values ('19', 'Пушкинская', '43', ' ', '1', '0');
insert into place_address ("place", "address") values ('19', '19');
insert into contacts ("id", "info", "type") values ('28', '721450', '1');
insert into organization_contact ("organization", "contact") values ('19', '28');

insert into organizations ("id", "logo", "name", "description") values ('20', null, 'ШТОФ', 'Притягательное место для любителей (и профессионалов отменного пива), веселых коктейлей, вкусной еды и хороших компаний.');
insert into places ("id", "lat", "alt", "description") values ('20', 39.880204, '59.211617', '');
insert into organization_place ("organization", "place") values ('20', '20');
insert into addresses ("id", "street", "house", "letter", "floor", "office") values ('20', 'Мира', '82', ' ', '1', '0');
insert into place_address ("place", "address") values ('20', '20');
insert into contacts ("id", "info", "type") values ('29', '570410', '1');
insert into organization_contact ("organization", "contact") values ('20', '29');

insert into organizations ("id", "logo", "name", "description") values ('21', null, 'АРС кафе', '74 посадочных места, летнее кафе на 12 столиков, русская и европейская кухня');
insert into places ("id", "lat", "alt", "description") values ('21', 39.875811, '59.220662', '');
insert into organization_place ("organization", "place") values ('21', '21');
insert into addresses ("id", "street", "house", "letter", "floor", "office") values ('21', 'Октябрьская', '38', ' ', '1', '0');
insert into place_address ("place", "address") values ('21', '21');
insert into contacts ("id", "info", "type") values ('30', '720575', '1');
insert into organization_contact ("organization", "contact") values ('21', '30');

insert into organizations ("id", "logo", "name", "description") values ('22', null, 'PARADISE CLUB', '«Мы не следуем тенденциям — мы их создаем!» Party Club X.O.открыл свои двери и перевернул представление о проведении ночного досуга, подняв культуру отдыха на качественно новый уровень. Всё это время PARTY CLUB X.O. находится в эпицентре клубной жизни Вологды.');
insert into places ("id", "lat", "alt", "description") values ('22', 39.843678, '59.237255', '');
insert into organization_place ("organization", "place") values ('22', '22');
insert into addresses ("id", "street", "house", "letter", "floor", "office") values ('22', 'Залинейная', '22', ' ', '1', '0');
insert into place_address ("place", "address") values ('22', '22');
insert into contacts ("id", "info", "type") values ('31', 'davologda@rambler.ru', '2');
insert into organization_contact ("organization", "contact") values ('22', '31');
insert into contacts ("id", "info", "type") values ('32', '783737', '1');
insert into organization_contact ("organization", "contact") values ('22', '32');

insert into organizations ("id", "logo", "name", "description") values ('23', null, 'Ванкувер', 'Ночью все это место превращается в клубную феерию с царством потрясающе кристального звука, волшебного света.');
insert into places ("id", "lat", "alt", "description") values ('23', 39.873547, '59.224033', '');
insert into organization_place ("organization", "place") values ('23', '23');
insert into addresses ("id", "street", "house", "letter", "floor", "office") values ('23', 'Проспект Победы', '61', ' ', '1', '0');
insert into place_address ("place", "address") values ('23', '23');
insert into contacts ("id", "info", "type") values ('33', '89115339260', '1');
insert into organization_contact ("organization", "contact") values ('23', '33');
insert into contacts ("id", "info", "type") values ('34', '89115288808', '1');
insert into organization_contact ("organization", "contact") values ('23', '34');
insert into contacts ("id", "info", "type") values ('35', '720771', '1');
insert into organization_contact ("organization", "contact") values ('23', '35');

insert into organizations ("id", "logo", "name", "description") values ('24', null, 'Харди-Гарди', 'Гостеприимное место без лишнего пафоса и суеты. Для вас блюда русской, европейской и восточной кухни.');
insert into places ("id", "lat", "alt", "description") values ('24', 39.891011, '59.211782', '');
insert into organization_place ("organization", "place") values ('24', '24');
insert into addresses ("id", "street", "house", "letter", "floor", "office") values ('24', 'Ветошкина', '19', ' ', '1', '0');
insert into place_address ("place", "address") values ('24', '24');
insert into contacts ("id", "info", "type") values ('36', '752757', '2');
insert into organization_contact ("organization", "contact") values ('24', '36');
insert into contacts ("id", "info", "type") values ('37', 'info@hurdy-gurdyclub.ru', '1');
insert into organization_contact ("organization", "contact") values ('24', '37');

insert into organizations ("id", "logo", "name", "description") values ('25', null, 'IRRIS', 'Рок-бар.');
insert into places ("id", "lat", "alt", "description") values ('25', 39.925605, '59.211073', '');
insert into organization_place ("organization", "place") values ('25', '25');
insert into addresses ("id", "street", "house", "letter", "floor", "office") values ('25', 'Пугачёва', '26', ' ', '1', '0');
insert into place_address ("place", "address") values ('25', '25');
insert into contacts ("id", "info", "type") values ('38', '+79115032350', '1');
insert into organization_contact ("organization", "contact") values ('25', '38');

insert into organizations ("id", "logo", "name", "description") values ('26', null, 'Клуб-ресторан «Винтаж»', 'Новейший развлекательный клуб-ресторан «Винтаж» – одно из немногих мест нашего городка, где можно не попросту вкусно поужинать и пообщаться с друзьями в душевной обстановке, да и приятно провести время в компании любимых музыкальных исполнителей, окунуться в атмосферу британского музыкального клуба.');
insert into places ("id", "lat", "alt", "description") values ('26', 39.887687, '59.221836', '');
insert into organization_place ("organization", "place") values ('26', '26');
insert into addresses ("id", "street", "house", "letter", "floor", "office") values ('26', 'Проспект Победы', '10', ' ', '2', '0');
insert into place_address ("place", "address") values ('26', '26');
insert into contacts ("id", "info", "type") values ('39', '', '2');
insert into organization_contact ("organization", "contact") values ('26', '39');
insert into contacts ("id", "info", "type") values ('40', '', '1');
insert into organization_contact ("organization", "contact") values ('26', '40');

insert into organizations ("id", "logo", "name", "description") values ('27', null, 'ТНТ', 'Ночной клуб "ТНТ" входит в состав гостинично-развлекательного комплекса "Спасский" и расположен в центре исторической части Вологды.');
insert into places ("id", "lat", "alt", "description") values ('27', 39.872371, '59.219709', '');
insert into organization_place ("organization", "place") values ('27', '27');
insert into addresses ("id", "street", "house", "letter", "floor", "office") values ('27', 'Октябрьская', '25', ' ', '1', '0');
insert into place_address ("place", "address") values ('27', '27');
insert into contacts ("id", "info", "type") values ('41', '795056', '1');
insert into organization_contact ("organization", "contact") values ('27', '41');

insert into organizations ("id", "logo", "name", "description") values ('28', null, 'Огни сухоны', 'Вологодский РЦ "Огни Сухоны" основан в 2005 году, является, пожалуй, лучшим местом Вологды в стиле диско 80-х. С самого начала своего основания и по сей день основу дискотеки составляют ретро хиты 80-х и 2000-х годов.');
insert into places ("id", "lat", "alt", "description") values ('28', 39.92397, '59.209493', '');
insert into organization_place ("organization", "place") values ('28', '28');
insert into addresses ("id", "street", "house", "letter", "floor", "office") values ('28', 'Судоремонтная', '2', 'а', '1', '0');
insert into place_address ("place", "address") values ('28', '28');
insert into contacts ("id", "info", "type") values ('42', '76 79 18', '1');
insert into organization_contact ("organization", "contact") values ('28', '42');
insert into contacts ("id", "info", "type") values ('43', '76 78 24', '1');
insert into organization_contact ("organization", "contact") values ('28', '43');

insert into organizations ("id", "logo", "name", "description") values ('29', null, 'Поплавок', 'лотская кухня и низкие цены; три зала для отдыха дискозал на 250 мест бар, ретрозал на 100 мест и караоке-бар на 50 мест "живая" музыка, веселительная программа и концерты, ди-джеи и дискотека, лазерное шоу комнаты отдыха');
insert into places ("id", "lat", "alt", "description") values ('29', 39.904917, '59.212114', '');
insert into organization_place ("organization", "place") values ('29', '29');
insert into addresses ("id", "street", "house", "letter", "floor", "office") values ('29', 'Советский проспект', '45', ' ', '1', '0');
insert into place_address ("place", "address") values ('29', '29');
insert into contacts ("id", "info", "type") values ('44', '767346', '1');
insert into organization_contact ("organization", "contact") values ('29', '44');
insert into contacts ("id", "info", "type") values ('45', '767178', '1');
insert into organization_contact ("organization", "contact") values ('29', '45');

insert into organizations ("id", "logo", "name", "description") values ('30', null, 'Боулинг Ключ', 'Шесть дорожек настоящего американского боулинга фирмы Brunswick вместе с оригинальным космическим дизайном определили новый эталон активного отдыха, как для спортсменов, так и для любителей этой игры.');
insert into places ("id", "lat", "alt", "description") values ('30', 39.843894, '59.207729', '');
insert into organization_place ("organization", "place") values ('30', '30');
insert into addresses ("id", "street", "house", "letter", "floor", "office") values ('30', 'Ленинградская', '85', ' ', '3', '0');
insert into place_address ("place", "address") values ('30', '30');
insert into contacts ("id", "info", "type") values ('46', 'bowling@bowlingkluch.ru', '2');
insert into organization_contact ("organization", "contact") values ('30', '46');
insert into contacts ("id", "info", "type") values ('47', '537848', '1');
insert into organization_contact ("organization", "contact") values ('30', '47');

insert into organizations ("id", "logo", "name", "description") values ('31', null, 'Пластилин, Фитнес клуб', 'Сеть клубов «Пластилин» - мир свободы, ярких красок и прекрасных результатов! Это лучшее соотношение цены и качества, широкий выбор услуг в различных ценовых категориях, самое новое профессиональное оборудование и, конечно же, профессионализм сотрудников: от менеджеров до инструкторов.');
insert into places ("id", "lat", "alt", "description") values ('31', 39.884875, '59.212529', '');
insert into organization_place ("organization", "place") values ('31', '31');
insert into addresses ("id", "street", "house", "letter", "floor", "office") values ('31', 'Чехова', '27', ' ', '1', '0');
insert into place_address ("place", "address") values ('31', '31');
insert into contacts ("id", "info", "type") values ('48', 'fitnessplastilin@mail.ru', '2');
insert into organization_contact ("organization", "contact") values ('31', '48');
insert into contacts ("id", "info", "type") values ('49', '71 44 11', '1');
insert into organization_contact ("organization", "contact") values ('31', '49');
insert into contacts ("id", "info", "type") values ('50', '78 77 78', '1');
insert into organization_contact ("organization", "contact") values ('31', '50');

insert into organizations ("id", "logo", "name", "description") values ('32', null, 'Клуб бокса ТАЙФУН.', 'Постоянно проводит набор юношей и девушек от 10 лет, а так же взрослых в секцию БОКСА.');
insert into places ("id", "lat", "alt", "description") values ('32', 39.849239, '59.206618', '');
insert into organization_place ("organization", "place") values ('32', '32');
insert into addresses ("id", "street", "house", "letter", "floor", "office") values ('32', 'Ярославская', '7', ' ', '1', '0');
insert into place_address ("place", "address") values ('32', '32');
insert into contacts ("id", "info", "type") values ('51', '539159', '1');
insert into organization_contact ("organization", "contact") values ('32', '51');

insert into organizations ("id", "logo", "name", "description") values ('33', null, 'Фитнес клуб ПАРНАС', 'ПАРНАС - фитнес клуб, задающий качественно новый подход к пониманию фитнеса и себя в фитнесе. Клубная карта ПАРНАСА - система свободного выбора физкультурно-оздоровительных услуг.');
insert into places ("id", "lat", "alt", "description") values ('33', 39.8472, '59.215702', '');
insert into organization_place ("organization", "place") values ('33', '33');
insert into addresses ("id", "street", "house", "letter", "floor", "office") values ('33', 'Петина', '10', ' ', '1', '0');
insert into place_address ("place", "address") values ('33', '33');
insert into contacts ("id", "info", "type") values ('52', 'club-parnas@mail.ru', '2');
insert into organization_contact ("organization", "contact") values ('33', '52');
insert into contacts ("id", "info", "type") values ('53', '52 22 52', '1');
insert into organization_contact ("organization", "contact") values ('33', '53');

insert into organizations ("id", "logo", "name", "description") values ('34', null, 'Бассейн Динамо', ' дорожек по 30 метров, глубина от 1.0 до 12.2 м. Продолжительность сеанса - 45 мининут.');
insert into places ("id", "lat", "alt", "description") values ('34', 39.88925, '59.213335', '');
insert into organization_place ("organization", "place") values ('34', '34');
insert into addresses ("id", "street", "house", "letter", "floor", "office") values ('34', 'Предтеченская', '57', 'а', '1', '0');
insert into place_address ("place", "address") values ('34', '34');
insert into contacts ("id", "info", "type") values ('54', '720553', '1');
insert into organization_contact ("organization", "contact") values ('34', '54');

insert into organizations ("id", "logo", "name", "description") values ('35', null, 'Вологодская областная картинная галерея', 'Вологодская областная картинная галерея была организована в 1952 году на базе художественного отдела Вологодского областного краеведческого музея.');
insert into places ("id", "lat", "alt", "description") values ('35', 39.884794, '59.223425', '');
insert into organization_place ("organization", "place") values ('35', '35');
insert into addresses ("id", "street", "house", "letter", "floor", "office") values ('35', 'Кремлевская площадь', '10', ' ', '1', '0');
insert into place_address ("place", "address") values ('35', '35');
insert into contacts ("id", "info", "type") values ('55', 'vologda-gallery@yandex.ru', '2');
insert into organization_contact ("organization", "contact") values ('35', '55');
insert into contacts ("id", "info", "type") values ('56', '721433', '1');
insert into organization_contact ("organization", "contact") values ('35', '56');
insert into contacts ("id", "info", "type") values ('57', '721228', '1');
insert into organization_contact ("organization", "contact") values ('35', '57');

insert into organizations ("id", "logo", "name", "description") values ('36', null, 'Гостиница "Спасская"', 'ГОСТИНИЦА "Спасская" существует с 1990 года. В Вологодской области она занимает лидирующие позиции в сфере обслуживания. Одной из основных задач предприятие считает оказание широкого комплекса услуг европейского уровня: повышенная комфортность проживания, питания и проведения досуга.');
insert into places ("id", "lat", "alt", "description") values ('36', 39.872371, '59.219709', '');
insert into organization_place ("organization", "place") values ('36', '36');
insert into addresses ("id", "street", "house", "letter", "floor", "office") values ('36', 'Октябрьская', '25', ' ', '1', '0');
insert into place_address ("place", "address") values ('36', '36');
insert into contacts ("id", "info", "type") values ('58', '723069', '1');
insert into organization_contact ("organization", "contact") values ('36', '58');
insert into contacts ("id", "info", "type") values ('59', 'info@spasskaya.ru', '2');
insert into organization_contact ("organization", "contact") values ('36', '59');
insert into contacts ("id", "info", "type") values ('60', '720145', '1');
insert into organization_contact ("organization", "contact") values ('36', '60');

insert into organizations ("id", "logo", "name", "description") values ('37', null, 'Гостиница "Золотой Якорь"', 'Гостиница "Золотой Якорь" расположена в центре города Вологды на Советском проспекте, рядом с Администрацией города Вологды, пл. Революций, пл. Возрождения и кинотеатром Ленком. Номерной фонд 30 мест, в гостинице имеется кафе, ресторан, парикмахерская.');
insert into places ("id", "lat", "alt", "description") values ('37', 39.893095, '59.218148', '');
insert into organization_place ("organization", "place") values ('37', '37');
insert into addresses ("id", "street", "house", "letter", "floor", "office") values ('37', 'Советский проспект', '6', ' ', '1', '0');
insert into place_address ("place", "address") values ('37', '37');
insert into contacts ("id", "info", "type") values ('61', '726241', '1');
insert into organization_contact ("organization", "contact") values ('37', '61');

insert into organizations ("id", "logo", "name", "description") values ('38', null, 'Гостиница «Атриум»', 'Гостиница «Атриум» - современный , комфортабельный новый отель Вологды, открывшийся в конце 2008 года. Проект строительства гостиницы реализован по инициативе Правительства Вологодской области и Клуба Делового общения г.Вологды.');
insert into places ("id", "lat", "alt", "description") values ('38', 39.889996, '59.215117', '');
insert into organization_place ("organization", "place") values ('38', '38');
insert into addresses ("id", "street", "house", "letter", "floor", "office") values ('38', 'Герцена', '27', ' ', '1', '0');
insert into place_address ("place", "address") values ('38', '38');
insert into contacts ("id", "info", "type") values ('62', 'hotel@atriumvologda.ru', '2');
insert into organization_contact ("organization", "contact") values ('38', '62');
insert into contacts ("id", "info", "type") values ('63', '787825', '1');
insert into organization_contact ("organization", "contact") values ('38', '63');

insert into organizations ("id", "logo", "name", "description") values ('39', null, 'Гостиница «Вологда»', 'Является одной из ведущих в городе Вологде. Расположение гостиницы очень удобно. Она построена в центральной, исторической части областного центра и в то же время в 200 метрах от авто- и железнодорожного вокзалов. Поблизости – остановки городского транспорта.');
insert into places ("id", "lat", "alt", "description") values ('39', 39.880743, '59.210276', '');
insert into organization_place ("organization", "place") values ('39', '39');
insert into addresses ("id", "street", "house", "letter", "floor", "office") values ('39', 'Мира', '92', ' ', '1', '0');
insert into place_address ("place", "address") values ('39', '39');
insert into contacts ("id", "info", "type") values ('64', '729057', '1');
insert into organization_contact ("organization", "contact") values ('39', '64');
insert into contacts ("id", "info", "type") values ('65', '560409', '1');
insert into organization_contact ("organization", "contact") values ('39', '65');
insert into contacts ("id", "info", "type") values ('66', '723079', '1');
insert into organization_contact ("organization", "contact") values ('39', '66');

insert into organizations ("id", "logo", "name", "description") values ('40', null, 'Дом культуры подшипникового завода (ДК ПЗ)', 'Здание дома культуры вологодского подшипникового завода находится на одной из наиболее оживленных улиц города - улице ленинградской дом номер 89. Здание имеет три этажа , на которых расположены различные торговые площади и даже парикмахерская .В здании проводятся как дискотеки так и концерты.');
insert into places ("id", "lat", "alt", "description") values ('40', 39.838989, '59.203725', '');
insert into organization_place ("organization", "place") values ('40', '40');
insert into addresses ("id", "street", "house", "letter", "floor", "office") values ('40', 'Ленинградская', '89', ' ', '1', '0');
insert into place_address ("place", "address") values ('40', '40');
insert into contacts ("id", "info", "type") values ('67', '519099', '1');
insert into organization_contact ("organization", "contact") values ('40', '67');
insert into contacts ("id", "info", "type") values ('68', '534233', '1');
insert into organization_contact ("organization", "contact") values ('40', '68');

insert into organizations ("id", "logo", "name", "description") values ('41', null, 'Трактир Ёлки-Палки', 'Торговая марка «Ёлки-Палки» уже второе десятилетие является брендом №1 в сегменте русской национальной кухни, символом высокого качества и здорового питания. Отражая культурные особенности России, она хорошо узнаваема и любима сотнями тысяч людей.');
insert into places ("id", "lat", "alt", "description") values ('41', 39.884471, '59.222942', '');
insert into organization_place ("organization", "place") values ('41', '41');
insert into addresses ("id", "street", "house", "letter", "floor", "office") values ('41', 'Кремлевская площадь', '2', ' ', '1', '0');
insert into place_address ("place", "address") values ('41', '41');
insert into contacts ("id", "info", "type") values ('69', 'info@elkipalki.ru', '2');
insert into organization_contact ("organization", "contact") values ('41', '69');
insert into contacts ("id", "info", "type") values ('70', '724774', '1');
insert into organization_contact ("organization", "contact") values ('41', '70');

insert into organizations ("id", "logo", "name", "description") values ('42', null, 'Пивной бар "Бочка"', 'Небольшой зал вместимостью 30 мест с традиционным интерьером в стиле баварской пивной. Здесь всегда большой выбор свежего разливного охлажденного пива. Элитные сорта представлены в баночной и бутылочной упаковке.');
insert into places ("id", "lat", "alt", "description") values ('42', 39.872371, '59.219709', '');
insert into organization_place ("organization", "place") values ('42', '42');
insert into addresses ("id", "street", "house", "letter", "floor", "office") values ('42', 'Октябрьская', '25', ' ', '1', '0');
insert into place_address ("place", "address") values ('42', '42');
insert into contacts ("id", "info", "type") values ('71', 'hotel@spasskaya.ru', '2');
insert into organization_contact ("organization", "contact") values ('42', '71');
insert into contacts ("id", "info", "type") values ('72', '787565 (доб.2170', '1');
insert into organization_contact ("organization", "contact") values ('42', '72');

insert into organizations ("id", "logo", "name", "description") values ('43', null, 'Ресторан Пиноккио', 'тальянский ресторан «Пиноккио» – собственного рода мозаика итальянской жизни. Гармоничное сочетание разных форм – от лассического ресторана до пиццерии, от бара до кондитерской – дозволяет нашим гостям получить полное представление о многогранном кулинарном искусстве Италии.');
insert into places ("id", "lat", "alt", "description") values ('43', 39.843894, '59.207729', '');
insert into organization_place ("organization", "place") values ('43', '43');
insert into addresses ("id", "street", "house", "letter", "floor", "office") values ('43', 'Ленинградская', '85', ' ', '1', '0');
insert into place_address ("place", "address") values ('43', '43');
insert into contacts ("id", "info", "type") values ('73', '537845', '1');
insert into organization_contact ("organization", "contact") values ('43', '73');

insert into organizations ("id", "logo", "name", "description") values ('44', null, 'Ресторан Арбат', 'Торгово-развлекательный комплекс Арбатъ. Русская, европейская, японская кухня Организация и проведение праздников, банкетов, фуршетов, ...');
insert into places ("id", "lat", "alt", "description") values ('44', 39.883779, '59.2197', '');
insert into organization_place ("organization", "place") values ('44', '44');
insert into addresses ("id", "street", "house", "letter", "floor", "office") values ('44', 'Батюшкова', '11', ' ', '1', '0');
insert into place_address ("place", "address") values ('44', '44');
insert into contacts ("id", "info", "type") values ('74', '89216018180', '1');
insert into organization_contact ("organization", "contact") values ('44', '74');
insert into contacts ("id", "info", "type") values ('75', 'mea35@mail.ru', '2');
insert into organization_contact ("organization", "contact") values ('44', '75');
insert into contacts ("id", "info", "type") values ('76', '210321', '1');
insert into organization_contact ("organization", "contact") values ('44', '76');

insert into organizations ("id", "logo", "name", "description") values ('45', null, 'Ресторан Север', 'Один из наистарейших ресторанов городка – «Север» – сейчас встречает собственных гостей современными интерьерами и великолепной кухней. Комфортно расположенный в самом историческом центре Вологды.');
insert into places ("id", "lat", "alt", "description") values ('45', 39.888495, '59.221675', '');
insert into organization_place ("organization", "place") values ('45', '45');
insert into addresses ("id", "street", "house", "letter", "floor", "office") values ('45', 'Проспект победы', '6', ' ', '1', '0');
insert into place_address ("place", "address") values ('45', '45');
insert into contacts ("id", "info", "type") values ('77', '721692', '1');
insert into organization_contact ("organization", "contact") values ('45', '77');
insert into contacts ("id", "info", "type") values ('78', 'факс - 722600', '1');
insert into organization_contact ("organization", "contact") values ('45', '78');
insert into contacts ("id", "info", "type") values ('79', '722600', '1');
insert into organization_contact ("organization", "contact") values ('45', '79');

insert into organizations ("id", "logo", "name", "description") values ('46', null, 'Ресторан Семь вечеров', 'Так приятно, когда важные события жизни проходят в красивой обстановке за аппетитным и изобильным столом. Уютный и изысканный банкетный зал идеально подходит для душевных семейных и корпоративных мероприятий, семинаров и презентаций, переговоров и деловых застолий.');
insert into places ("id", "lat", "alt", "description") values ('46', 39.886519, '59.221224', '');
insert into organization_place ("organization", "place") values ('46', '46');
insert into addresses ("id", "street", "house", "letter", "floor", "office") values ('46', 'Проспект победы', '13', ' ', '1', '0');
insert into place_address ("place", "address") values ('46', '46');
insert into contacts ("id", "info", "type") values ('80', '728282', '1');
insert into organization_contact ("organization", "contact") values ('46', '80');
insert into contacts ("id", "info", "type") values ('81', 'info@semvecherov.ru', '2');
insert into organization_contact ("organization", "contact") values ('46', '81');

insert into organizations ("id", "logo", "name", "description") values ('47', null, 'Спортивно-концертный комплекс СПЕКТР', 'Муниципальное унитарное предприятие "Спортивно-концертный комплекс "Спектр".');
insert into places ("id", "lat", "alt", "description") values ('47', 39.906992, '59.2197', '');
insert into organization_place ("organization", "place") values ('47', '47');
insert into addresses ("id", "street", "house", "letter", "floor", "office") values ('47', 'Пречистенская Набережная', '44', 'а', '1', '0');
insert into place_address ("place", "address") values ('47', '47');
insert into contacts ("id", "info", "type") values ('82', 'spektr@vologda.ru', '2');
insert into organization_contact ("organization", "contact") values ('47', '82');
insert into contacts ("id", "info", "type") values ('83', '762075', '1');
insert into organization_contact ("organization", "contact") values ('47', '83');

insert into organizations ("id", "logo", "name", "description") values ('48', null, 'Ресторан «АНГЛИТЕР»', '40 посадочных мест, европейская кухня, летняя веранда.');
insert into places ("id", "lat", "alt", "description") values ('48', 39.895188, '59.219364', '');
insert into organization_place ("organization", "place") values ('48', '48');
insert into addresses ("id", "street", "house", "letter", "floor", "office") values ('48', 'Лермонтова', '23', ' ', '1', '0');
insert into place_address ("place", "address") values ('48', '48');
insert into contacts ("id", "info", "type") values ('84', '', '2');
insert into organization_contact ("organization", "contact") values ('48', '84');
insert into contacts ("id", "info", "type") values ('85', '721782', '1');
insert into organization_contact ("organization", "contact") values ('48', '85');

insert into organizations ("id", "logo", "name", "description") values ('49', null, '«Киото»', 'Ресторан японской кухни.');
insert into places ("id", "lat", "alt", "description") values ('49', 39.893912, '59.220188', '');
insert into organization_place ("organization", "place") values ('49', '49');
insert into addresses ("id", "street", "house", "letter", "floor", "office") values ('49', 'Лермонтова', '19', ' ', '1', '0');
insert into place_address ("place", "address") values ('49', '49');
insert into contacts ("id", "info", "type") values ('86', 'info@kyoto-vologda.ru', '2');
insert into organization_contact ("organization", "contact") values ('49', '86');
insert into contacts ("id", "info", "type") values ('87', '720627', '1');
insert into organization_contact ("organization", "contact") values ('49', '87');

insert into organizations ("id", "logo", "name", "description") values ('50', null, 'Фитнес клуб «Мегаполис»', 'Самый функциональный тренажерный зал в Вологодской области с лучшим в мире оборудованием ведущих мировых брендов');
insert into places ("id", "lat", "alt", "description") values ('50', 39.887283, '59.217977', '');
insert into organization_place ("organization", "place") values ('50', '50');
insert into addresses ("id", "street", "house", "letter", "floor", "office") values ('50', 'М. Ульяновой', '13', ' ', '1', '0');
insert into place_address ("place", "address") values ('50', '50');
insert into contacts ("id", "info", "type") values ('88', '707555', '1');
insert into organization_contact ("organization", "contact") values ('50', '88');
insert into contacts ("id", "info", "type") values ('89', '702888', '1');
insert into organization_contact ("organization", "contact") values ('50', '89');

insert into categories ("id", "name", "parent", "order") values ('0', 'Еда', null, '0');
insert into positions ("id", "name", "organization") values ('0', 'Кафе "Зачет"', '5');
insert into category_position ("position", "category") values ('0', '0');
insert into positions ("id", "name", "organization") values ('1', 'Ресторан Пиноккио', '43');
insert into category_position ("position", "category") values ('1', '0');
insert into positions ("id", "name", "organization") values ('2', 'Кафе Красный мост', '9');
insert into category_position ("position", "category") values ('2', '0');
insert into positions ("id", "name", "organization") values ('3', 'Кафе Гудок', '7');
insert into category_position ("position", "category") values ('3', '0');
insert into positions ("id", "name", "organization") values ('4', 'Пиццерия "Жар Пицца"', '18');
insert into category_position ("position", "category") values ('4', '0');
insert into positions ("id", "name", "organization") values ('5', 'Кофе.com', '15');
insert into category_position ("position", "category") values ('5', '0');
insert into positions ("id", "name", "organization") values ('6', 'Спорт кафе "Динамо"', '19');
insert into category_position ("position", "category") values ('6', '0');
insert into positions ("id", "name", "organization") values ('7', 'Кафе "Архитектор"', '11');
insert into category_position ("position", "category") values ('7', '0');
insert into positions ("id", "name", "organization") values ('8', 'Харди-Гарди', '24');
insert into category_position ("position", "category") values ('8', '0');
insert into positions ("id", "name", "organization") values ('9', 'Кафе "Мак Дак"', '13');
insert into category_position ("position", "category") values ('9', '0');
insert into positions ("id", "name", "organization") values ('10', 'Кафе "Парижанка"', '6');
insert into category_position ("position", "category") values ('10', '0');
insert into positions ("id", "name", "organization") values ('11', 'Ресторан Север', '45');
insert into category_position ("position", "category") values ('11', '0');
insert into positions ("id", "name", "organization") values ('12', 'Бильярдный клуб и кафе «Гладиатор»', '2');
insert into category_position ("position", "category") values ('12', '0');
insert into positions ("id", "name", "organization") values ('13', 'Кафе "Ёрш"', '12');
insert into category_position ("position", "category") values ('13', '0');
insert into positions ("id", "name", "organization") values ('14', 'Кафе Лукоморье', '10');
insert into category_position ("position", "category") values ('14', '0');
insert into positions ("id", "name", "organization") values ('15', 'Кофейня "Золотой ключик"', '16');
insert into category_position ("position", "category") values ('15', '0');
insert into positions ("id", "name", "organization") values ('16', '«Киото»', '49');
insert into category_position ("position", "category") values ('16', '0');
insert into positions ("id", "name", "organization") values ('17', 'Поплавок', '29');
insert into category_position ("position", "category") values ('17', '0');
insert into positions ("id", "name", "organization") values ('18', 'Кофейня-булочная Крендель', '17');
insert into category_position ("position", "category") values ('18', '0');
insert into positions ("id", "name", "organization") values ('19', 'Бургер кинг', '3');
insert into category_position ("position", "category") values ('19', '0');
insert into positions ("id", "name", "organization") values ('20', 'Кафе Каменный мост', '8');
insert into category_position ("position", "category") values ('20', '0');
insert into positions ("id", "name", "organization") values ('21', 'Городское кафе Авеню', '4');
insert into category_position ("position", "category") values ('21', '0');
insert into positions ("id", "name", "organization") values ('22', 'Ресторан «АНГЛИТЕР»', '48');
insert into category_position ("position", "category") values ('22', '0');
insert into positions ("id", "name", "organization") values ('23', 'Green Cafe', '0');
insert into category_position ("position", "category") values ('23', '0');
insert into positions ("id", "name", "organization") values ('24', 'АРС кафе', '21');
insert into category_position ("position", "category") values ('24', '0');
insert into positions ("id", "name", "organization") values ('25', 'Баранка кафе', '1');
insert into category_position ("position", "category") values ('25', '0');
insert into positions ("id", "name", "organization") values ('26', 'Ресторан Семь вечеров', '46');
insert into category_position ("position", "category") values ('26', '0');
insert into positions ("id", "name", "organization") values ('27', 'Огни сухоны', '28');
insert into category_position ("position", "category") values ('27', '0');
insert into positions ("id", "name", "organization") values ('28', 'Ресторан Арбат', '44');
insert into category_position ("position", "category") values ('28', '0');
insert into categories ("id", "name", "parent", "order") values ('1', 'Спорт', null, '1');
insert into positions ("id", "name", "organization") values ('29', 'Бассейн Динамо', '34');
insert into category_position ("position", "category") values ('29', '1');
insert into positions ("id", "name", "organization") values ('30', 'Бильярдный клуб и кафе «Гладиатор»', '2');
insert into category_position ("position", "category") values ('30', '1');
insert into positions ("id", "name", "organization") values ('31', 'Спортивно-концертный комплекс СПЕКТР', '47');
insert into category_position ("position", "category") values ('31', '1');
insert into positions ("id", "name", "organization") values ('32', 'Фитнес клуб ПАРНАС', '33');
insert into category_position ("position", "category") values ('32', '1');
insert into positions ("id", "name", "organization") values ('33', 'Пластилин, Фитнес клуб', '31');
insert into category_position ("position", "category") values ('33', '1');
insert into positions ("id", "name", "organization") values ('34', 'Клуб бокса ТАЙФУН.', '32');
insert into category_position ("position", "category") values ('34', '1');
insert into positions ("id", "name", "organization") values ('35', 'Боулинг Ключ', '30');
insert into category_position ("position", "category") values ('35', '1');
insert into positions ("id", "name", "organization") values ('36', 'Фитнес клуб «Мегаполис»', '50');
insert into category_position ("position", "category") values ('36', '1');
insert into categories ("id", "name", "parent", "order") values ('2', 'Бары', null, '2');
insert into positions ("id", "name", "organization") values ('37', 'Пивной бар "Бочка"', '42');
insert into category_position ("position", "category") values ('37', '2');
insert into positions ("id", "name", "organization") values ('38', 'ШТОФ', '20');
insert into category_position ("position", "category") values ('38', '2');
insert into positions ("id", "name", "organization") values ('39', 'Пивной бар Килт', '14');
insert into category_position ("position", "category") values ('39', '2');
insert into positions ("id", "name", "organization") values ('40', 'Клуб-ресторан «Винтаж»', '26');
insert into category_position ("position", "category") values ('40', '2');
insert into positions ("id", "name", "organization") values ('41', 'ТНТ', '27');
insert into category_position ("position", "category") values ('41', '2');
insert into positions ("id", "name", "organization") values ('42', 'PARADISE CLUB', '22');
insert into category_position ("position", "category") values ('42', '2');
insert into positions ("id", "name", "organization") values ('43', 'Ванкувер', '23');
insert into category_position ("position", "category") values ('43', '2');